<?xml version="1.0" encoding="utf-8"?><feed xmlns="http://www.w3.org/2005/Atom" ><generator uri="https://jekyllrb.com/" version="3.8.5">Jekyll</generator><link href="http://localhost:4000/feed.xml" rel="self" type="application/atom+xml" /><link href="http://localhost:4000/" rel="alternate" type="text/html" /><updated>2019-02-27T21:58:37+02:00</updated><id>http://localhost:4000/feed.xml</id><title type="html">timalanjohnson</title><subtitle>Web developer, student, and photographer from Cape Town, South Africa</subtitle><author><name>Tim</name></author><entry><title type="html">Lorem Ipsum II</title><link href="http://localhost:4000/blog/lorem-ipsum" rel="alternate" type="text/html" title="Lorem Ipsum II" /><published>2019-01-27T00:00:00+02:00</published><updated>2019-01-27T00:00:00+02:00</updated><id>http://localhost:4000/blog/lorem-ipsum</id><content type="html" xml:base="http://localhost:4000/blog/lorem-ipsum">&lt;p&gt;Lorem ipsum dolor sit amet, consectetuer adipiscing elit. Phasellus hendrerit. Pellentesque aliquet nibh nec urna. In nisi neque, aliquet vel, dapibus id, mattis vel, nisi. Sed pretium, ligula sollicitudin laoreet viverra, tortor libero sodales leo, eget blandit nunc tortor eu nibh. Nullam mollis. Ut justo. Suspendisse potenti.&lt;/p&gt;

&lt;p&gt;Sed egestas, ante et vulputate volutpat, eros pede semper est, vitae luctus metus libero eu augue. Morbi purus libero, faucibus adipiscing, commodo quis, gravida id, est. Sed lectus. Praesent elementum hendrerit tortor. Sed semper lorem at felis. Vestibulum volutpat, lacus a ultrices sagittis, mi neque euismod dui, eu pulvinar nunc sapien ornare nisl. Phasellus pede arcu, dapibus eu, fermentum et, dapibus sed, urna.&lt;/p&gt;

&lt;p&gt;Morbi interdum mollis sapien. Sed ac risus. Phasellus lacinia, magna a ullamcorper laoreet, lectus arcu pulvinar risus, vitae facilisis libero dolor a purus. Sed vel lacus. Mauris nibh felis, adipiscing varius, adipiscing in, lacinia vel, tellus. Suspendisse ac urna. Etiam pellentesque mauris ut lectus. Nunc tellus ante, mattis eget, gravida vitae, ultricies ac, leo. Integer leo pede, ornare a, lacinia eu, vulputate vel, nisl.&lt;/p&gt;

&lt;p&gt;Suspendisse mauris. Fusce accumsan mollis eros. Pellentesque a diam sit amet mi ullamcorper vehicula. Integer adipiscing risus a sem. Nullam quis massa sit amet nibh viverra malesuada. Nunc sem lacus, accumsan quis, faucibus non, congue vel, arcu. Ut scelerisque hendrerit tellus. Integer sagittis. Vivamus a mauris eget arcu gravida tristique. Nunc iaculis mi in ante. Vivamus imperdiet nibh feugiat est.&lt;/p&gt;

&lt;p&gt;Ut convallis, sem sit amet interdum consectetuer, odio augue aliquam leo, nec dapibus tortor nibh sed augue. Integer eu magna sit amet metus fermentum posuere. Morbi sit amet nulla sed dolor elementum imperdiet. Quisque fermentum. Cum sociis natoque penatibus et magnis xdis parturient montes, nascetur ridiculus mus. Pellentesque adipiscing eros ut libero. Ut condimentum mi vel tellus. Suspendisse laoreet. Fusce ut est sed dolor gravida convallis. Morbi vitae ante. Vivamus ultrices luctus nunc. Suspendisse et dolor. Etiam dignissim. Proin malesuada adipiscing lacus. Donec metus.&lt;/p&gt;</content><author><name>Tim</name></author><summary type="html">Lorem ipsum dolor sit amet, consectetuer adipiscing elit. Phasellus hendrerit. Pellentesque aliquet nibh nec urna. In nisi neque, aliquet vel, dapibus id, mattis vel, nisi. Sed pretium, ligula sollicitudin laoreet viverra, tortor libero sodales leo, eget blandit nunc tortor eu nibh. Nullam mollis. Ut justo. Suspendisse potenti.</summary></entry><entry><title type="html">Llandudno</title><link href="http://localhost:4000/blog/llandudno" rel="alternate" type="text/html" title="Llandudno" /><published>2019-01-25T00:00:00+02:00</published><updated>2019-01-25T00:00:00+02:00</updated><id>http://localhost:4000/blog/llandudno</id><content type="html" xml:base="http://localhost:4000/blog/llandudno">&lt;strong&gt;&lt;em&gt;The best beach in the world&lt;/em&gt;&lt;/strong&gt;

&lt;p&gt;Lorem ipsum dolor sit amet, consectetur adipisicing elit, sed do eiusmod
tempor incididunt ut labore et dolore magna aliqua. &lt;/p&gt;

&lt;img src=&quot;../assets/images/llands1.jpg&quot;&gt;

&lt;p&gt;Ut enim ad minim veniam, quis nostrud exercitation ullamco laboris nisi 
ut aliquip ex ea commodo consequat.&lt;/p&gt;

&lt;p&gt;Duis aute irure dolor in reprehenderit in voluptate velit esse
cillum dolore eu fugiat nulla pariatur.&lt;/p&gt;

&lt;section class=&quot;gallery&quot;&gt;
	&lt;img src=&quot;../assets/images/llands3.jpg&quot;&gt;
	&lt;img class=&quot;tall&quot; src=&quot;../assets/images/llands5.jpg&quot;&gt;
	&lt;img src=&quot;../assets/images/llands4.jpg&quot;&gt;
	&lt;img class=&quot;tall&quot; src=&quot;../assets/images/llands6.jpg&quot;&gt;
	&lt;img class=&quot; &quot; src=&quot;../assets/images/llands1.jpg&quot;&gt;
	&lt;img src=&quot;../assets/images/llands2.jpg&quot;&gt;
&lt;/section&gt;

&lt;p&gt;Duis aute irure dolor in reprehenderit in voluptate velit esse
cillum dolore eu fugiat nulla pariatur.&lt;/p&gt;

&lt;img src=&quot;../assets/images/llands2.jpg&quot;&gt;

&lt;p&gt;Excepteur sint occaecat cupidatat non proident, sunt in culpa qui officia deserunt mollit anim id est laborum.&lt;/p&gt;</content><author><name>Tim</name></author><summary type="html">The best beach in the world</summary></entry></feed>